File1,File2,File3
66.66666666666666,90.9090909090909,94.73684210526315
80.0,92.3076923076923,95.23809523809523
85.71428571428571,93.33333333333333,95.65217391304348
88.88888888888889,94.11764705882352,96.0
